-1.352529199749597e-13,1.0000000000000564,6.891015535970269e-14,-6.770972671432673e-14,6.022959908591474e-15,7.668865542598269e-14,-8.798517470154366e-14,-4.446443213623752e-14,2.6700863742235015e-14,-6.447620215510597e-14,9.808820422563258e-14,8.97615315409439e-14,-9.238443343662084e-14,-5.132005931329786e-14,7.201184093474922e-14,-5.445643935786393e-14,2.653433028854124e-14,-2.375877272697835e-14,2.0039525594484076e-14,-1.0880185641326534e-14,-1.8811341373492496e-14,2.1038726316646716e-14,-8.3995310706797e-15,-8.409939411535561e-15,-3.885780586188048e-15,1.3572476476042539e-14,-2.142730437526552e-14,1.27675647831893e-14,-1.715294573045867e-14,3.347322419244847e-14,-1.1546319456101628e-14,-1.2087553180606392e-14,1.5543122344752192e-15,7.521760991835436e-15,5.551115123125783e-15,-5.329070518200751e-15,-1.84297022087776e-14,4.9960036108132044e-15,-3.219646771412954e-15,7.771561172376096e-16,1.1879386363489175e-14,-2.0872192862952943e-14,1.1102230246251565e-15,-4.440892098500626e-16,7.105427357601002e-15,7.993605777301127e-15,3.552713678800501e-15,2.220446049250313e-15
4.196643033083092e-14,-9.697798120100742e-14,1.0000000000001419,-7.370406368556459e-14,2.0941581801992015e-14,-3.7789216200678766e-14,-3.444466933899548e-14,5.5143389854350744e-14,-4.218847493575595e-14,1.0430545316353346e-13,-1.306454944227653e-13,3.377159663031648e-14,5.047351425702118e-14,-1.6819878823071122e-14,-3.9218628344883655e-14,-1.9637069748057456e-14,6.322720125240266e-14,-1.199040866595169e-14,4.912736883966318e-15,-7.424616477180734e-15,7.799316747991725e-15,5.287437154777308e-15,-4.9404924595819466e-15,-2.375877272697835e-14,1.1823875212257917e-14,1.8096635301390052e-14,-3.880229471064922e-14,2.373101715136272e-14,3.9968028886505635e-15,-2.892130979148533e-14,1.6861512186494565e-14,9.992007221626409e-16,1.5154544286133387e-14,-1.887379141862766e-14,2.1094237467877974e-15,-3.774758283725532e-15,2.886579864025407e-15,7.771561172376096e-16,-4.440892098500626e-15,8.215650382226158e-15,-2.220446049250313e-16,-4.5727310826748635e-15,1.554312234475219e-14,-2.6645352591003757e-15,9.325873406851315e-15,-7.105427357601002e-15,4.996003610813204e-16,-2.4868995751603507e-14
3.219646771412954e-15,-5.273559366969494e-16,3.634245682171411e-14,0.9999999999999902,-2.7450264283856995e-14,1.1449174941446927e-14,1.5862311464331924e-14,-3.9409447927241104e-14,-2.123301534595612e-15,-8.257283745649602e-16,1.7180701306074297e-14,-6.619704784327496e-14,7.399636459126668e-14,1.1102230246251565e-15,-6.342149028171207e-14,4.651834473179406e-14,5.218048215738236e-15,1.4002687898084787e-14,2.5673907444456745e-15,-1.5543122344752192e-15,-1.4155343563970746e-14,9.076073226310655e-15,-5.329070518200751e-15,-2.3592239273284576e-15,3.1086244689504383e-15,-4.884981308350689e-15,-3.219646771412954e-15,9.353628982466944e-15,-8.715250743307479e-15,2.0761170560490427e-14,-2.7533531010703882e-14,3.4139358007223564e-15,-1.3322676295501878e-15,1.509903313490213e-14,1.765254609153999e-14,2.220446049250313e-16,-1.7319479184152442e-14,-2.220446049250313e-15,-3.552713678800501e-14,3.064215547965432e-14,2.4424906541753444e-14,-2.930988785010413e-14,-7.993605777301127e-15,1.84297022087776e-14,0.0,-8.43769498715119e-15,-3.552713678800501e-14,3.197442310920451e-14
3.3958946765721976e-14,5.835609773185979e-15,-5.219435994519017e-14,2.914335439641036e-14,0.9999999999999816,3.454875274755409e-14,9.159339953157541e-16,-1.5699247457590104e-14,1.0103029524088925e-14,-4.773959005888173e-15,6.439293542825908e-15,-4.610894999146353e-15,1.0325074129013956e-14,-4.954370247389761e-15,-2.1399548799649892e-14,2.634004125923184e-14,-2.3467339183014246e-14,9.076073226310655e-15,1.582067810090848e-15,-1.066507993030541e-14,3.58046925441613e-15,-7.854827899222983e-15,1.0394463068053028e-14,-1.1102230246251565e-15,-3.7192471324942744e-15,-1.6653345369377348e-16,-4.801714581503802e-15,2.7755575615628914e-16,4.593547764386585e-15,2.4980018054066022e-15,-2.886579864025407e-15,4.884981308350689e-15,-1.2212453270876722e-15,2.1094237467877974e-15,4.218847493575595e-15,3.552713678800501e-15,-2.5202062658991053e-14,2.098321516541546e-14,-7.771561172376096e-15,1.942890293094024e-15,8.881784197001252e-16,-9.769962616701378e-15,-7.327471962526033e-15,1.1546319456101628e-14,-9.769962616701378e-15,8.881784197001252e-16,-2.220446049250313e-14,4.75175454539567e-14
2.1510571102112408e-16,-1.3322676295501878e-15,-7.244205235679146e-15,-1.642436187054841e-14,1.8686441283222166e-14,1.0000000000000198,2.858824288409778e-15,-1.314226505400029e-14,-1.700029006457271e-15,-1.759703494030873e-14,1.8084492237058214e-14,1.329492071988625e-14,-4.6726511548911276e-14,2.892130979148533e-14,-1.3516965324811281e-14,-1.6237011735142914e-15,1.1796119636642288e-15,1.1129985821867194e-14,-6.113165529342268e-15,1.970645868709653e-15,1.1435297153639112e-14,-4.98212582300539e-15,3.497202527569243e-15,-2.220446049250313e-16,8.881784197001252e-16,-5.051514762044462e-15,4.440892098500626e-15,-1.9845236565174673e-15,-1.2490009027033011e-14,1.0644263248593688e-14,3.941291737419306e-15,-2.220446049250313e-16,-6.050715484207103e-15,3.552713678800501e-15,-5.773159728050814e-15,3.219646771412954e-15,-3.1086244689504383e-15,-6.8833827526759706e-15,1.1587952819525071e-14,-1.176836406102666e-14,1.3322676295501878e-15,1.6209256159527285e-14,8.881784197001252e-15,8.881784197001252e-16,-1.4432899320127035e-14,-1.532107773982716e-14,-4.2587461335230614e-16,1.9095836023552692e-14
5.10702591327572e-15,-1.9040324872321435e-14,1.9914625504213745e-14,-1.0220990720455347e-14,5.703770789011742e-15,-8.434225540199236e-15,1.0000000000000102,-2.4678176169246058e-14,-1.3739009929736312e-15,2.634004125923184e-14,-2.7006175074006933e-14,5.467848396278896e-15,1.684763439868675e-14,2.8282931552325863e-14,-1.2323475573339238e-14,-3.3487101980256284e-14,1.8096635301390052e-14,1.2073675392798577e-15,-1.1102230246251565e-15,-3.191891195797325e-15,-9.71445146547012e-17,4.496403249731884e-15,1.887379141862766e-15,-1.609823385706477e-15,4.163336342344337e-16,3.3306690738754696e-16,-8.187894806610529e-16,2.6645352591003757e-15,-3.760880495917718e-15,-5.551115123125783e-17,-6.161737786669619e-15,5.6066262743570405e-15,-4.718447854656915e-15,1.7763568394002505e-15,-1.6653345369377348e-15,2.1094237467877974e-15,-6.5503158452884236e-15,7.615436059538183e-16,4.884981308350689e-15,1.7763568394002505e-15,-4.6629367034256575e-15,3.1086244689504383e-15,3.9968028886505635e-15,3.219646771412954e-15,-4.218847493575595e-15,2.3869795029440866e-15,3.3306690738754696e-15,-2.1316282072803006e-14
1.1986939218999737e-15,7.355227538141662e-15,-1.2413681194090032e-14,8.174017018802715e-15,1.6445178552260131e-15,1.457167719820518e-15,-2.5427576710868038e-14,1.0000000000000226,1.4453716001838757e-14,-2.3397950243975174e-14,1.1948775302528247e-14,-4.829470157119431e-15,-1.1934897514720433e-14,1.0193235144839718e-14,-7.840950111415168e-16,-1.033895191682177e-14,1.5230872119076366e-14,6.938893903907228e-17,-4.413136522884997e-15,1.817990202823694e-15,2.581268532253489e-15,-6.938893903907228e-15,3.802513859341161e-15,-3.8441472227646045e-15,-9.992007221626409e-16,2.400857290751901e-15,1.27675647831893e-15,-1.6445178552260131e-15,1.4988010832439613e-15,-2.3869795029440866e-15,1.1102230246251565e-15,-1.1102230246251565e-16,-1.6653345369377348e-15,6.328271240363392e-15,-1.887379141862766e-15,5.662137425588298e-15,-1.3322676295501878e-15,1.9984014443252818e-15,-8.881784197001252e-16,-3.6637359812630166e-15,5.10702591327572e-15,4.884981308350689e-15,-7.049916206369744e-15,3.1086244689504383e-15,-1.0248746296070976e-14,1.2878587085651816e-14,-2.7200464103316335e-14,1.2656542480726785e-14
-1.871452211948954e-14,3.390863978491865e-14,-5.585809592645319e-15,-3.1138286393783687e-16,-3.0531133177191805e-15,7.034303695085953e-15,4.3576253716537394e-15,1.1379786002407855e-14,0.99999999999998,3.2029934260435766e-14,-2.0310142456736457e-14,-2.098321516541546e-14,3.1606661732297425e-15,2.11896472590567e-14,1.5515366769136563e-14,-1.668457039194493e-14,-7.341349750333848e-15,1.6653345369377348e-15,-2.525757381022231e-15,1.3433698597964394e-14,-1.4738210651898953e-14,8.493206138382448e-15,-6.161737786669619e-15,-2.3314683517128287e-15,5.564992910933597e-15,-2.831068712794149e-15,-4.926614671774132e-15,-1.2490009027033011e-15,3.552713678800501e-15,3.552713678800501e-15,-2.7755575615628914e-15,-6.217248937900877e-15,1.9984014443252818e-15,-7.771561172376096e-16,1.887379141862766e-15,6.501743587961073e-15,-1.1102230246251565e-14,2.220446049250313e-15,6.217248937900877e-15,1.5543122344752192e-15,-5.10702591327572e-15,0.0,3.3306690738754696e-15,6.480926906249351e-15,-1.3322676295501878e-15,4.163336342344337e-15,3.3084646133829665e-14,-7.394085344003543e-14
5.648259637780484e-15,6.938893903907228e-17,-3.209238430557093e-17,-7.056855100273651e-15,-1.106753577673203e-15,1.6542323066914832e-14,-1.8644807919798723e-14,3.400058012914542e-15,-9.072603779358701e-15,1.0000000000000129,-8.090750291955828e-15,-5.9396931817445875e-15,-7.384717837233268e-15,2.7824964554667986e-14,-7.99707522425308e-15,-4.0072112295064244e-14,2.3675506000131463e-14,8.808925811010226e-15,-7.827072323607354e-15,1.915134717478395e-15,4.246603069191224e-15,-1.2490009027033011e-15,1.8318679906315083e-15,1.096345236817342e-15,-6.0923488476305465e-15,1.0678957718113224e-14,-6.716849298982197e-15,4.746203430272544e-15,7.271960811294775e-15,3.3306690738754696e-16,-9.325873406851315e-15,3.83026943495679e-15,-2.9976021664879227e-15,4.551914400963142e-15,-6.38378239159465e-16,3.3306690738754696e-16,-9.325873406851315e-15,8.826273045769994e-15,-8.43769498715119e-15,-1.5543122344752192e-15,0.0,-6.661338147750939e-16,-8.951173136040325e-16,4.440892098500626e-15,-8.604228440844963e-15,4.6629367034256575e-15,-1.4210854715202004e-14,1.2712053631958042e-14
1.842276331487369e-15,5.648259637780484e-15,-7.119305145408816e-15,-5.717648576819556e-15,7.757683384568281e-15,4.6074255521944e-15,-1.9567680809018384e-15,3.849351393192535e-15,-1.1581013925621164e-14,7.299716386910404e-15,1.000000000000001,-4.5449755070592346e-15,-2.2669366384064915e-14,5.034167527284694e-14,-1.074661193367632e-14,-4.093947403305265e-14,2.2915697117653622e-14,-3.6637359812630166e-15,3.552713678800501e-15,-1.457167719820518e-15,3.58046925441613e-15,-4.551914400963142e-15,8.715250743307479e-15,-7.216449660063518e-15,-1.0408340855860843e-16,5.523359547510154e-15,-3.4416913763379853e-15,-1.3877787807814457e-15,5.079270337660091e-15,-4.718447854656915e-15,4.6074255521944e-15,-2.942091015256665e-15,4.440892098500626e-15,-7.28583859910259e-16,3.885780586188048e-15,3.3306690738754696e-15,-1.1657341758564144e-15,-8.215650382226158e-15,7.327471962526033e-15,-1.1102230246251565e-16,-4.3298697960381105e-15,-5.710709682915649e-15,3.4416913763379853e-15,6.716849298982197e-15,-1.2434497875801753e-14,0.0,-8.104628079763643e-15,2.375877272697835e-14
4.812122922359663e-15,-1.3175658480912844e-14,-2.4126534103885433e-14,1.3496148643099559e-14,1.897787482718627e-14,-1.1379786002407855e-15,-1.1575809755193234e-14,4.447830992404533e-15,-5.35682609381638e-15,-5.100087019371813e-16,3.8163916471489756e-16,1.000000000000021,-4.249031682057591e-14,3.2959746043559335e-14,5.398459457239824e-15,-4.5678738569421284e-14,1.5182299861749016e-14,-1.8041124150158794e-15,-1.8041124150158794e-16,5.759281940243e-16,1.6930901125533637e-15,-2.2065682614424986e-15,6.786238238021269e-15,-1.379452108096757e-14,1.0547118733938987e-14,5.273559366969494e-16,-3.608224830031759e-16,-1.942890293094024e-16,-1.3877787807814457e-15,6.106226635438361e-16,1.9984014443252818e-15,1.1102230246251565e-16,-2.5604518505417673e-15,5.551115123125783e-16,4.440892098500626e-15,-7.771561172376096e-16,-4.218847493575595e-15,-2.6645352591003757e-15,4.163336342344337e-15,-4.551914400963142e-15,3.894454203567932e-15,-2.220446049250313e-16,-7.93809462606987e-15,8.881784197001252e-16,4.6629367034256575e-15,-6.772360450213455e-15,-1.765254609153999e-14,3.708144902248023e-14
-8.909539772616881e-15,3.3160973966772644e-14,-1.2309597785531423e-14,-9.67628754899863e-15,9.534040223968532e-15,-7.464515117128201e-15,1.8270107648987732e-14,-1.2524703496552547e-14,-3.41740524767431e-15,-3.2682190287403046e-15,1.5751289161869408e-14,-1.766295443239585e-14,1.0000000000000016,3.13915560212763e-14,9.544448564824393e-15,-5.2235993308613615e-14,2.3953061756287752e-14,-5.412337245047638e-15,-9.3119956190435e-15,8.854028621385623e-15,-3.7192471324942744e-15,8.604228440844963e-16,4.038436252074007e-15,1.3877787807814457e-16,-1.4155343563970746e-15,-1.1102230246251565e-15,3.802513859341161e-15,-6.661338147750939e-15,1.4432899320127035e-15,-2.4980018054066022e-15,2.7755575615628914e-15,3.191891195797325e-15,-5.10702591327572e-15,1.3322676295501878e-15,0.0,-3.552713678800501e-15,2.7755575615628914e-15,-2.831068712794149e-15,-6.661338147750939e-16,-2.5266247427602195e-15,8.326672684688674e-15,-1.1934897514720433e-14,6.772360450213455e-15,3.885780586188048e-15,3.9968028886505635e-15,2.3869795029440866e-15,2.220446049250313e-16,-8.104628079763643e-15
1.9686509367122795e-14,-4.7674971609401595e-14,-2.022687572988957e-15,1.652150638520311e-14,-5.616167253474913e-15,1.2864709297844001e-14,-2.3099577806107163e-14,8.638055548626511e-15,3.7921055184853e-15,-5.0584536559483695e-15,-8.337081025544535e-15,-4.794775687599895e-15,9.728329253277934e-15,1.0000000000000155,-6.661338147750939e-15,-5.90361093344427e-14,3.863576125695545e-14,-6.411537967210279e-15,4.884981308350689e-15,-6.390721285498557e-15,1.5959455978986625e-15,4.794775687599895e-15,-9.159339953157541e-16,3.039235529911366e-15,3.2335245592207684e-15,-4.232725281383409e-15,6.661338147750939e-16,-6.38378239159465e-16,3.4416913763379853e-15,-1.7208456881689926e-15,5.197231534026514e-15,-9.103828801926284e-15,1.1102230246251565e-15,6.328271240363392e-15,2.4424906541753444e-15,-6.439293542825908e-15,2.609024107869118e-15,-8.326672684688674e-15,4.3021142204224816e-15,-2.831068712794149e-15,-4.163336342344337e-15,7.327471962526033e-15,9.992007221626409e-16,-6.2727600891321345e-15,1.27675647831893e-15,-4.9960036108132044e-15,-8.076872504148014e-15,3.1530333899354446e-14
2.79810896675059e-15,-4.624772786954168e-15,7.327471962526033e-15,-7.129713486264677e-15,-3.733124920302089e-15,5.485195631038664e-15,-5.1209037010835345e-15,5.953570969552402e-15,-3.677613769070831e-15,6.952771691715043e-15,1.6653345369377348e-16,-3.094746681142624e-15,-6.886852199627924e-15,1.4085954624931674e-14,0.9999999999999962,-2.786659791809143e-14,1.742356259271105e-14,-4.440892098500626e-16,3.767819389821625e-15,-9.159339953157541e-16,-3.12944115066216e-15,8.201772594418344e-15,6.245004513516506e-16,-2.5118795932144167e-15,3.4416913763379853e-15,-1.8041124150158794e-15,-1.6653345369377348e-15,5.440092820663267e-15,-2.220446049250313e-15,-9.645062526431047e-16,-1.4988010832439613e-15,-5.551115123125783e-16,6.106226635438361e-16,2.3314683517128287e-15,-2.220446049250313e-15,1.4988010832439613e-15,1.5543122344752192e-15,9.020562075079397e-16,-7.716050021144838e-15,3.3861802251067274e-15,-6.106226635438361e-16,-1.9984014443252818e-15,-8.770761894538737e-15,1.0325074129013956e-14,-5.88418203051333e-15,-2.220446049250313e-16,-5.262457136723242e-14,8.137934770502397e-14
1.6792123247455493e-15,-5.998673779927799e-15,-7.632783294297951e-17,1.2420620087993939e-14,-8.805456364058273e-15,1.6132928326584306e-16,-7.275430258246729e-15,1.6653345369377348e-15,4.163336342344337e-15,4.649058915617843e-15,-7.320533068622126e-15,2.8657631823136853e-15,-8.81239525796218e-16,6.772360450213455e-15,-5.613565168260948e-15,1.0000000000000027,-7.147060721024445e-15,-1.0685896612017132e-15,9.894862706971708e-15,-6.418476861114186e-15,5.412337245047638e-15,-3.3029134982598407e-15,3.982925100842749e-15,1.3322676295501878e-15,-2.192690473634684e-15,-1.1102230246251565e-16,-1.3600232051658168e-15,4.85722573273506e-15,-2.9351521213527576e-15,-3.164135620181696e-15,-2.220446049250313e-16,-5.273559366969494e-16,-3.3306690738754696e-16,-2.55351295663786e-15,-3.3306690738754696e-16,3.219646771412954e-15,-1.2212453270876722e-15,1.3322676295501878e-15,3.0531133177191805e-15,2.831068712794149e-15,-3.3306690738754696e-15,-1.4432899320127035e-15,-2.3037127760972e-15,5.329070518200751e-15,2.9698465908722937e-15,-2.3314683517128287e-15,-9.950373858202965e-15,8.215650382226158e-15
-9.540979117872439e-17,-3.400058012914542e-16,-1.1397133237167623e-15,-5.377642775528102e-16,2.824129818890242e-15,-1.214306433183765e-17,-4.805184028455756e-15,3.2855662635000726e-15,1.1102230246251565e-15,-1.1657341758564144e-15,2.491062911502695e-15,-1.6306400674181987e-15,4.579669976578771e-16,-1.4988010832439613e-15,9.228728892196614e-16,-6.945832797811136e-15,1.0000000000000027,-2.6229018956769323e-15,2.4945323584546486e-15,3.6914915568786455e-15,-2.123301534595612e-15,-1.3600232051658168e-15,1.1587952819525071e-15,2.3869795029440866e-15,-2.7755575615628914e-17,-3.83026943495679e-15,4.579669976578771e-15,-2.518818487118324e-15,2.275957200481571e-15,-2.7755575615628914e-15,-1.1379786002407855e-15,-1.942890293094024e-15,5.551115123125783e-17,2.7755575615628914e-16,6.106226635438361e-16,2.291569711765362e-15,-2.4980018054066022e-15,4.996003610813204e-16,3.885780586188048e-16,-1.6653345369377348e-16,2.4980018054066022e-15,-2.858824288409778e-15,2.6645352591003757e-15,-1.1657341758564144e-15,-2.1094237467877974e-15,-2.1371793224034263e-15,7.66053886991358e-15,-1.2878587085651816e-14
1.2524703496552547e-15,-4.007211229506424e-15,1.8561541192951836e-15,-6.973588373426765e-16,1.6861512186494565e-15,-5.3915205633359164e-15,3.752206878537834e-15,-2.896988204881268e-15,3.7816971776294395e-15,3.9898639947466563e-16,-3.12944115066216e-15,2.5500435096859064e-15,3.608224830031759e-16,-9.298117831235686e-16,1.5959455978986625e-15,-2.2898349882893854e-16,-1.9845236565174673e-15,0.9999999999999996,-3.12944115066216e-15,-2.636779683484747e-16,5.898059818321144e-15,-1.061650767297806e-15,-2.7755575615628914e-15,-2.3869795029440866e-15,2.3592239273284576e-15,-2.942091015256665e-15,1.0408340855860843e-16,-3.3861802251067274e-15,1.1102230246251565e-15,6.161737786669619e-15,-7.216449660063518e-16,-2.7755575615628914e-16,-1.7208456881689926e-15,1.4432899320127035e-15,4.683753385137379e-16,-3.1363800445660672e-15,-9.992007221626409e-16,-9.992007221626409e-16,-7.771561172376096e-16,1.7486012637846216e-15,-2.525757381022231e-15,4.440892098500626e-16,1.0547118733938987e-15,-2.7755575615628914e-15,1.8318679906315083e-15,1.1657341758564144e-15,1.326716514427062e-14,-1.4988010832439613e-14
-1.4328815911568427e-15,-2.1293730667615307e-15,3.5041414214731503e-16,2.8744367996935694e-15,-5.585809592645319e-16,3.1502578323738817e-15,-3.8614944575243726e-15,4.773959005888173e-15,-2.498001805406602e-16,2.42861286636753e-16,-2.5604518505417673e-15,8.291978215169138e-16,-1.366962099069724e-15,-3.12944115066216e-15,5.43315392675936e-15,-1.1102230246251565e-15,-1.1900203045200897e-15,-2.5326962749261384e-15,1.0000000000000022,3.726186026398182e-15,-3.469446951953614e-17,1.2212453270876722e-15,-2.942091015256665e-15,-4.163336342344337e-17,3.0531133177191805e-16,-2.4771851236948805e-15,1.8596235662471372e-15,-1.4432899320127035e-15,4.6629367034256575e-15,-4.9404924595819466e-15,0.0,5.079270337660091e-15,-6.5503158452884236e-15,7.945033519973776e-16,-3.164135620181696e-15,9.71445146547012e-16,-2.7755575615628914e-16,-8.326672684688674e-16,8.604228440844963e-16,-5.134781488891349e-16,3.164135620181696e-15,-5.551115123125783e-17,-1.3877787807814457e-15,1.9914625504213745e-15,-3.3306690738754696e-15,1.609823385706477e-15,2.7200464103316335e-15,1.3322676295501878e-15
-1.196959198423997e-16,-1.2455314557513475e-15,4.018486932100274e-15,-2.8796409701215e-16,-4.014150123410332e-15,-1.2333883914195098e-15,1.3704315460216776e-15,2.8102520310824275e-16,-1.6028844918025698e-15,3.101685575046531e-15,-4.791306240647941e-15,4.052314039881821e-15,-1.4779844015322396e-15,2.1510571102112408e-16,1.3461454173580023e-15,-4.017619570362285e-15,1.9845236565174673e-15,-6.106226635438361e-16,-1.0685896612017132e-15,1.0000000000000042,7.271960811294775e-15,-1.5404344466674047e-14,3.372302437298913e-15,8.881784197001252e-16,-4.0245584642661925e-15,-3.635980405647388e-15,6.106226635438361e-15,-3.011479954295737e-15,1.3877787807814457e-15,-3.2751579226442118e-15,2.7755575615628914e-15,-3.608224830031759e-15,-1.4224732503009818e-16,8.604228440844963e-16,-1.7486012637846216e-15,2.3314683517128287e-15,-3.941291737419306e-15,2.3314683517128287e-15,-7.979727989493313e-16,3.3861802251067274e-15,2.858824288409778e-15,3.885780586188048e-15,2.366162821232365e-15,3.3306690738754696e-16,4.718447854656915e-16,-1.7208456881689926e-15,1.7430501486614958e-14,-5.21249710061511e-14
6.401129626354418e-16,-3.12944115066216e-15,-7.320533068622126e-16,3.978588292152807e-15,1.4762496780562628e-15,1.942890293094024e-15,1.304512053934559e-15,-1.2906342661267445e-15,1.519617764955683e-15,-1.0217521273503394e-15,-4.933553565678039e-15,1.124100812432971e-15,4.475586568020162e-16,3.677613769070831e-16,-3.1966616853562613e-15,1.2004286453759505e-15,-2.1510571102112408e-16,1.0824674490095276e-15,-1.7416623698807143e-15,-3.885780586188048e-15,1.000000000000004,-3.497202527569243e-15,3.5110803153770576e-15,-3.0531133177191805e-16,-2.609024107869118e-15,2.1094237467877974e-15,2.831068712794149e-15,-7.327471962526033e-15,-3.608224830031759e-15,7.993605777301127e-15,-7.494005416219807e-16,5.162537064506978e-15,-4.85722573273506e-15,-2.609024107869118e-15,3.219646771412954e-15,-4.718447854656915e-16,9.992007221626409e-16,3.469446951953614e-17,1.1102230246251565e-16,-3.0808688933348094e-15,-2.4980018054066022e-15,2.9976021664879227e-15,-5.551115123125783e-16,-1.096345236817342e-15,-1.9984014443252818e-15,-1.0547118733938987e-15,6.994405055138486e-15,-6.661338147750939e-16
1.5057399771478686e-15,-5.1850884696946764e-15,2.3527187142935446e-15,-8.875278983966339e-16,-2.463307335887066e-16,-2.669739429528306e-15,2.3141211169530607e-15,-2.5717275531356165e-15,2.8796409701215e-16,2.3418766925686896e-16,-2.2724877535296173e-15,4.315992008230296e-15,9.124645483638005e-16,-2.740863092043355e-16,-1.457167719820518e-15,-6.314393452555578e-16,3.0149494012476907e-15,3.8163916471489756e-16,9.159339953157541e-16,-5.6343818499726694e-15,7.382983113757291e-15,0.999999999999993,-1.2698175844150228e-15,-5.828670879282072e-16,2.831068712794149e-15,-2.789435349370706e-15,-7.549516567451064e-15,3.0253577421035516e-15,3.649858193455202e-15,-2.1371793224034263e-15,8.500145032286355e-17,-6.661338147750939e-16,-3.7470027081099033e-16,4.163336342344337e-17,3.1086244689504383e-15,-4.440892098500626e-16,2.6922908347160046e-15,-2.0539125955565396e-15,3.608224830031759e-16,-7.771561172376096e-16,9.575673587391975e-16,-9.43689570931383e-16,1.304512053934559e-15,-7.271960811294775e-15,3.3584246494910985e-15,0.0,1.8762769116165146e-14,-1.4765966227514582e-14
2.6749435999562365e-15,-4.5276282722994665e-15,-2.3674638638393475e-15,2.4130003550837387e-15,6.349087922075114e-16,5.100087019371813e-16,-4.090477956353311e-15,2.0625862129364236e-15,6.869504964868156e-16,3.0531133177191805e-16,3.2959746043559335e-15,-1.9984014443252818e-15,2.220446049250313e-16,-3.174543961037557e-16,-3.0687258290029718e-15,4.2891037943526555e-15,-8.170547571850761e-16,-8.465450562766819e-16,-2.2967738821932926e-15,3.0531133177191805e-16,7.216449660063518e-16,-3.948230631323213e-15,1.0000000000000004,4.551914400963142e-15,-4.0245584642661925e-16,-3.3584246494910985e-15,3.3306690738754696e-16,-3.774758283725532e-15,5.800915303666443e-15,-3.273423199168235e-15,3.094746681142624e-15,-4.121702978920894e-15,2.2898349882893854e-15,-4.718447854656915e-16,9.992007221626409e-16,3.191891195797325e-16,2.7478019859472624e-15,2.1649348980190553e-15,-1.4710455076283324e-15,-1.033895191682177e-15,-1.3600232051658168e-15,-2.67841304690819e-15,2.498001805406602e-16,1.942890293094024e-15,-3.858025010572419e-15,-3.3306690738754696e-16,-1.8596235662471372e-14,3.674838211509268e-14
1.5057399771478686e-15,-6.019490461639521e-15,3.5561831257524545e-16,3.4295483120061476e-15,-1.169203622808368e-15,3.46077333457373e-16,-9.367506770274758e-16,1.7121720707891086e-15,-1.5751289161869408e-15,4.510281037539698e-16,2.785965902418752e-15,2.636779683484747e-16,8.951173136040325e-16,-8.049116928532385e-16,1.9914625504213745e-15,-4.97540376953598e-16,-2.0122792321330962e-15,-2.3592239273284576e-16,4.649058915617843e-15,-2.9559688030644793e-15,-2.7131075164277263e-15,-3.885780586188048e-16,1.9984014443252818e-15,0.999999999999991,1.1352030426792226e-14,-3.58046925441613e-15,-1.9567680809018384e-15,1.9984014443252818e-15,5.082739784612045e-16,-1.6792123247455493e-15,-1.6792123247455493e-15,-1.790234627208065e-15,2.1371793224034263e-15,-7.91033905045424e-16,-2.1718737919229625e-15,3.0531133177191805e-16,2.8033131371785203e-15,-5.273559366969494e-16,1.1102230246251565e-15,-9.71445146547012e-16,1.7208456881689926e-15,3.0531133177191805e-16,1.0547118733938987e-15,1.1102230246251565e-16,-1.2212453270876722e-15,-9.43689570931383e-16,-3.7192471324942744e-15,-6.994405055138486e-15
2.1467203015212988e-15,-2.8943861196673026e-15,-2.4147350785597155e-15,1.4224732503009818e-15,3.4954678040932663e-16,-5.30825383648903e-16,1.3253287356462806e-15,-3.7001651742585295e-15,1.9290125052862095e-15,-3.937822290467352e-15,1.9984014443252818e-15,4.388850394221322e-16,-7.997075224253081e-16,2.663837303951838e-15,-2.931682674400804e-16,8.326672684688674e-17,7.28583859910259e-16,-4.510281037539698e-16,3.3306690738754696e-16,1.249000902703301e-16,4.0245584642661925e-16,-1.3877787807814457e-16,5.967448757360216e-16,-5.384581669432009e-15,1.0000000000000044,2.498001805406602e-16,2.220446049250313e-16,-1.0590486820838407e-15,-6.38378239159465e-16,6.106226635438361e-16,-1.27675647831893e-15,1.6375789613221059e-15,-5.551115123125783e-16,-8.257283745649602e-16,2.7755575615628914e-17,-3.0531133177191805e-15,9.71445146547012e-16,-1.8735013540549517e-16,-6.661338147750939e-16,-2.581268532253489e-15,3.1363800445660672e-15,1.304512053934559e-15,-8.326672684688674e-17,-1.8318679906315083e-15,-5.551115123125783e-17,2.3314683517128287e-15,-6.300515664747763e-15,6.994405055138486e-15
-4.354155924701786e-16,3.174543961037557e-16,1.6566609195578508e-15,7.919012667834124e-16,2.7755575615628914e-17,-1.3444106938820255e-15,7.233796894823286e-16,-1.3530843112619095e-15,1.407728100755179e-15,-2.282896094385478e-15,3.0982161280945775e-15,2.1562612806391712e-15,-1.8821749714348357e-15,-2.1180973641676815e-15,2.914335439641036e-16,4.753142324176451e-16,1.3253287356462806e-15,-1.5612511283791264e-15,-2.2343238370581275e-15,-2.275957200481571e-15,3.552713678800501e-15,-7.494005416219807e-16,-1.2628786905111156e-15,-2.858824288409778e-15,2.9906632725840154e-15,0.9999999999999997,3.613429000459689e-15,-2.4841240175987878e-15,-3.941291737419306e-15,7.91033905045424e-16,2.609024107869118e-15,2.5673907444456745e-16,-2.0495757868665976e-15,-3.0253577421035516e-15,-7.355227538141662e-16,-2.248201624865942e-15,2.480654570646834e-15,-4.135580766728708e-15,2.498001805406602e-16,5.967448757360216e-16,1.942890293094024e-16,-1.27675647831893e-15,3.858025010572419e-15,2.498001805406602e-16,3.316791286067655e-15,-5.551115123125783e-16,2.2648549702353193e-14,-3.447242491461111e-14
-9.307740125516495e-16,5.267921515672569e-15,5.707240235963695e-16,4.948298715223842e-16,-2.3999899290139126e-15,3.434752482434078e-16,-4.0939474033052647e-16,-1.56472057533108e-15,1.861358289723114e-15,-2.366162821232365e-15,1.5144135945277526e-15,3.16608718409217e-15,-2.6194324487249787e-16,0.0,-1.5612511283791264e-16,-2.876171523169546e-15,2.706168622523819e-16,-3.681083216022785e-15,-4.163336342344337e-17,2.7755575615628914e-15,-5.551115123125783e-15,2.5396351688300456e-15,-6.855627177060342e-15,6.25888230132432e-15,-2.6367796834847468e-15,-6.704706234650359e-16,1.0000000000000009,7.924216838262055e-15,-5.0306980803327406e-15,1.609823385706477e-15,-3.2335245592207684e-15,-3.3840118207617564e-15,4.191091917959966e-15,-6.38378239159465e-16,5.273559366969494e-16,2.2412627309620348e-15,-4.163336342344337e-15,1.2351231148954867e-15,-1.1796119636642288e-15,-1.0824674490095276e-15,-3.191891195797325e-16,5.689893001203927e-15,-1.1657341758564144e-15,1.1449174941446927e-15,1.1934897514720433e-15,-1.1102230246251565e-15,8.31279489688086e-15,-1.5931700403370996e-14
-1.0130785099704553e-15,-8.222589276130066e-16,4.7340603659407066e-15,7.901665433074356e-16,-1.1900203045200897e-15,-8.612902058224847e-16,2.8033131371785203e-15,-2.168404344971009e-15,5.741934705483231e-16,-1.1960918366860085e-15,-1.2988742026376343e-15,2.213507155346406e-15,5.134781488891349e-16,-3.653327640407156e-15,4.440892098500626e-16,5.814793091474257e-15,-9.783840404509192e-16,1.394717674685353e-15,-3.552713678800501e-15,6.175615574477433e-16,-7.494005416219807e-16,-1.9290125052862095e-15,-1.5057399771478686e-15,-5.551115123125783e-17,1.294103713078698e-15,-1.4224732503009818e-15,-5.551115123125783e-16,0.9999999999999984,6.314393452555578e-15,2.435551760271437e-15,-2.813504637599884e-17,-1.4016565685892601e-15,5.273559366969494e-16,-4.0245584642661925e-15,3.5475095083725705e-15,-1.7208456881689926e-15,2.914335439641036e-16,-5.620504062164855e-15,2.0122792321330962e-15,8.049116928532385e-16,-1.4988010832439613e-15,-1.3600232051658168e-15,7.147060721024445e-16,1.4988010832439613e-15,-4.996003610813204e-16,3.3861802251067274e-15,1.9761969838327786e-14,-3.1763654206873326e-14
-1.909388445964222e-15,4.730590918988753e-15,1.6609977282477928e-15,-3.878841692284141e-15,-2.671474153004283e-16,3.611694276983712e-15,-4.231857919645421e-15,6.765421556309548e-16,1.3097162243624894e-16,-7.398595625041082e-16,-2.255140518769849e-16,2.3245294578089215e-16,-3.2161773244610004e-15,-4.180683577104105e-16,2.7824964554667986e-15,-1.0894063429134349e-15,1.5890067039947553e-15,-1.4155343563970746e-15,-2.4390212072233908e-15,-1.3600232051658168e-15,1.096345236817342e-15,1.1796119636642288e-16,-3.969047313034935e-15,3.2161773244610004e-15,3.95516952522712e-16,-1.9290125052862095e-15,1.0477729794899915e-15,1.6792123247455493e-15,0.9999999999999998,4.898859096158503e-15,-8.867906409193438e-15,1.0283440765590512e-14,-6.286637876939949e-15,-8.326672684688674e-17,-3.1502578323738817e-15,5.988265439071938e-15,-2.3592239273284576e-15,9.43689570931383e-16,-2.345346139520643e-15,2.0816681711721685e-15,1.304512053934559e-15,-8.097689185859736e-15,4.718447854656915e-15,-5.551115123125783e-17,-1.412064909445121e-15,-5.6343818499726694e-15,-8.326672684688674e-17,4.052314039881821e-15
-4.119968255444917e-17,-1.287598500043785e-15,-1.2715523078909996e-15,2.2733551152676057e-15,-2.5908095113713614e-15,1.4172690798730514e-15,-7.190428807923865e-16,8.066464163292153e-16,-6.395030989134187e-16,2.157996004115148e-15,-3.094746681142624e-15,2.473715676742927e-15,2.9073965457371287e-15,-3.2751579226442118e-15,6.938893903907228e-18,1.4432899320127035e-15,1.1657341758564144e-15,-4.163336342344337e-16,4.85722573273506e-16,-3.858025010572419e-15,-3.969047313034935e-15,2.546574062733953e-15,6.717716660720185e-16,-1.259409243559162e-15,-3.632510958695434e-15,1.4363510381087963e-15,-2.7755575615628914e-17,-5.93275428784068e-16,-3.175519742992794e-15,1.000000000000002,3.309852392163748e-15,0.0,4.9439619065339e-16,-1.249000902703301e-16,-3.12944115066216e-15,-9.71445146547012e-17,3.2335245592207684e-15,-1.1102230246251565e-15,-6.38378239159465e-16,1.1102230246251565e-16,-2.7200464103316335e-15,2.7755575615628914e-15,-1.1657341758564144e-15,2.3037127760972e-15,-1.942890293094024e-15,6.522560269672795e-16,3.649858193455202e-15,-2.4980018054066022e-15
1.2281842209915794e-15,-3.651592916931179e-15,-1.1943571132100317e-15,1.777657882007233e-15,-7.840950111415168e-16,-1.474514954580286e-17,3.234825601827751e-15,-4.120185095879414e-15,1.7824283715661693e-15,-8.951173136040325e-16,9.957312752106873e-16,3.469446951953614e-15,-1.1587952819525071e-15,-2.5569824035898137e-15,2.112893193739751e-15,1.582067810090848e-15,-3.0149494012476907e-15,-1.1102230246251565e-16,-1.8110513089197866e-15,4.090477956353311e-15,-3.2890357104520263e-15,2.3184579256430027e-15,-1.186550857568136e-15,4.5102810375396984e-17,1.7312540290248535e-15,-2.0539125955565396e-15,2.3245294578089215e-16,-1.6926564316843695e-15,3.760880495917718e-15,1.0755285551056204e-15,1.0000000000000004,1.3548190347378863e-15,-1.9220736113823023e-15,-9.367506770274758e-16,1.0200174038743626e-15,-3.608224830031759e-16,-3.1086244689504383e-15,1.3877787807814457e-15,1.7486012637846216e-15,-1.6375789613221059e-15,1.304512053934559e-15,1.1102230246251565e-16,-9.020562075079397e-17,1.1102230246251565e-15,-2.067790383364354e-15,-3.858025010572419e-15,4.250072516143177e-15,1.3183898417423734e-15
1.4539151133030614e-16,-1.923808334858279e-15,3.144186300207963e-15,6.949735925632083e-16,-5.386316392907986e-16,-9.13331910101789e-16,1.9256514785515044e-15,1.3730336312356428e-15,-1.4016565685892601e-15,1.4918621893400541e-15,-3.802513859341161e-15,3.7643499428696714e-15,2.3071822230491534e-16,2.5673907444456745e-16,-6.106226635438361e-16,6.591949208711867e-17,-1.8735013540549517e-15,8.326672684688674e-16,-1.5057399771478686e-15,-8.396061623727746e-16,-5.929501681323224e-16,-1.5265566588595902e-16,6.938893903907228e-17,-9.159339953157541e-16,1.1796119636642288e-16,-1.0009354456386177e-15,-1.2602766052971504e-15,2.213507155346406e-15,1.7416623698807143e-15,-1.3461454173580023e-15,-1.6202317265623378e-15,0.9999999999999927,1.3274104038174528e-14,-5.752343046339092e-15,2.4702462297909733e-15,-3.400058012914542e-15,2.914335439641036e-15,-4.2049697057677804e-15,7.251144129583054e-16,3.191891195797325e-16,3.608224830031759e-15,-1.960237527853792e-15,1.582067810090848e-15,1.8457457784393227e-15,1.249000902703301e-16,5.061164161379583e-15,9.492406860545088e-15,-2.0483614804334138e-14
1.60136660876109e-15,-1.8667793005855415e-15,-4.935288289154016e-16,1.5135462327897642e-15,-1.3183898417423734e-16,1.3064636178450328e-16,2.404760418572849e-16,2.445960101127298e-16,-7.28583859910259e-16,1.2993078835066285e-15,-1.4953316362920077e-15,-1.4415552085367267e-15,2.1094237467877974e-15,-9.853229343548264e-16,-4.614364446098307e-16,-5.551115123125783e-17,-2.4147350785597155e-15,1.0408340855860843e-17,1.7277845820728999e-15,4.608943435235879e-16,-8.430756093247282e-16,-4.163336342344337e-16,8.81239525796218e-16,3.7470027081099033e-16,-8.205242041370298e-16,-1.945492378307989e-15,-1.3877787807814457e-16,-1.7694179454963432e-15,-2.67841304690819e-15,1.1021999285487638e-15,2.7755575615628914e-17,-4.163336342344337e-17,1.0000000000000022,-1.304512053934559e-15,-4.996003610813204e-16,1.3739009929736312e-15,-4.718447854656915e-16,2.1822821327788233e-15,4.440892098500626e-16,-6.938893903907228e-16,-6.912873051767576e-16,3.635980405647388e-15,-2.498001805406602e-16,-4.440892098500626e-16,3.3653635433950058e-15,-5.412337245047638e-16,-5.218048215738236e-15,-1.3877787807814457e-15
2.6216008530699497e-15,-4.7596475372113645e-15,1.0625181290357943e-15,-1.3877787807814457e-16,1.9033880645658724e-15,4.388850394221322e-16,6.869504964868156e-16,-2.381775332516156e-15,1.5855372570428017e-15,6.279698983036042e-16,2.130240428499519e-15,-1.2281842209915794e-15,-9.71445146547012e-17,-9.367506770274758e-17,-2.3592239273284576e-16,2.2898349882893854e-16,2.740863092043355e-16,2.706168622523819e-16,-6.876010177903069e-16,-4.49293380277993e-16,-2.463307335887066e-16,1.3010426069826053e-15,1.0269562977782698e-15,-8.326672684688674e-16,-3.677613769070831e-15,5.967448757360216e-16,7.563394355258879e-16,-1.9914625504213745e-15,2.7202361457118185e-15,-1.97758476261356e-15,3.95516952522712e-16,-4.191091917959966e-15,7.91033905045424e-16,1.0000000000000004,6.869504964868156e-15,-3.219646771412954e-15,1.1379786002407855e-15,-1.249000902703301e-16,-3.3306690738754696e-16,-2.9923979960599922e-15,9.575673587391975e-16,-2.5673907444456745e-15,-1.8041124150158794e-16,1.3704315460216776e-16,-2.2065682614424986e-15,-1.609823385706477e-15,2.3037127760972e-15,2.4841240175987878e-15
1.8648277366750676e-15,-4.742571352994718e-16,1.3183898417423734e-15,-4.857659413604054e-15,-6.433655691528983e-16,-7.28583859910259e-16,-2.896988204881268e-16,3.733992282040077e-15,2.1527918336872176e-15,-2.6142282782970483e-15,1.547373340571312e-15,2.0816681711721685e-17,1.8301332671555315e-15,-3.0808688933348094e-15,1.5681900222830336e-15,3.892719480091955e-15,1.5577816814271728e-15,-1.6258695778592624e-15,-1.321859288694327e-15,1.1275702593849246e-16,2.4598378889351125e-15,1.339206523454095e-15,2.720913772069622e-15,-3.4781205693334982e-15,-1.304512053934559e-15,1.4606371667724716e-15,-1.97758476261356e-15,4.76224962242533e-15,-1.1587952819525071e-15,-2.0990154059319366e-15,1.096345236817342e-15,-1.1657341758564144e-15,-4.2327252813834093e-16,-1.124100812432971e-15,1.0000000000000047,-2.2273849431542203e-15,-3.247402347028583e-15,1.8041124150158794e-15,-5.164271787982955e-15,6.716849298982197e-15,1.0477729794899915e-15,-4.093947403305265e-15,1.2672154992010576e-15,7.216449660063518e-16,-2.6367796834847468e-15,2.9837243786801082e-15,-2.7911700728466826e-15,1.7208456881689926e-15
1.7234477733829578e-15,-2.452031633293217e-15,6.574601973952099e-16,1.373467312104637e-15,-1.4502288259166107e-15,1.1639994523804376e-15,-2.5613192122797557e-15,4.8693687970668975e-15,1.0911410663894117e-15,-2.3175905639050143e-15,6.591949208711867e-16,-2.5153490401663703e-16,-7.424616477180734e-16,-1.3773704399255848e-15,-1.2663481374630692e-16,2.8102520310824275e-16,-3.8077180297690916e-16,-2.8484159475539172e-15,-1.5890067039947553e-15,1.2732870313669764e-15,6.765421556309548e-16,1.3383391617161067e-15,1.7416623698807143e-15,-6.245004513516506e-16,-2.2100377083944522e-15,-1.8110513089197866e-15,-1.1666015375944028e-15,1.0928757898653885e-15,-5.551115123125783e-17,-2.3141211169530607e-15,2.581268532253489e-15,-1.1726730697603216e-15,1.1796119636642288e-15,1.85268467234323e-15,-2.400857290751901e-15,0.9999999999999978,3.039235529911366e-15,2.5153490401663703e-17,4.399258735077183e-15,-1.5959455978986625e-16,1.4155343563970746e-15,-2.8510180327678825e-15,3.70536934468646e-15,-2.3592239273284576e-15,6.106226635438361e-16,1.6046192152785466e-15,-2.0122792321330962e-15,-4.274358644806853e-15
1.887379141862766e-15,-3.209238430557093e-15,2.3136874360840665e-16,2.2109050701324406e-15,-2.0712598303163077e-15,7.025630077706069e-17,-1.3912482277333993e-15,2.549176147947918e-15,6.765421556309548e-16,-1.429412144204889e-15,-8.968520370800093e-16,7.355227538141662e-16,2.0469737016526324e-16,-1.2351231148954867e-15,-5.551115123125783e-16,2.4659094211010313e-15,-3.41740524767431e-16,-2.437286483747414e-15,8.690964614643804e-16,-4.40619762898109e-16,9.627715291671279e-17,1.8821749714348357e-15,-9.645062526431047e-16,4.2327252813834093e-16,-8.881784197001252e-16,-5.342948306008566e-16,-1.6028844918025698e-15,5.93275428784068e-16,-3.157196726277789e-15,1.0200174038743626e-15,8.951173136040325e-16,7.355227538141662e-16,-5.759281940243e-16,-5.030698080332741e-16,-1.8041124150158794e-15,4.315992008230296e-15,0.9999999999999978,-4.579669976578771e-16,-8.777700788442644e-16,-3.2612801348363973e-16,8.805890044927267e-16,2.435551760271437e-15,-1.6653345369377348e-16,-9.43689570931383e-16,1.394717674685353e-15,-7.632783294297951e-17,-5.134781488891349e-15,1.1601830607332886e-14
5.629177679544739e-16,-2.4320823133194835e-15,1.4007892068512717e-15,-4.3281350725621337e-16,4.540638698369293e-16,-1.3981871216373065e-15,-9.627715291671279e-17,1.9715132304476413e-15,1.3530843112619095e-15,-6.25367813089639e-16,-1.700029006457271e-16,1.5334955527634975e-15,-7.476658181460039e-16,-6.453171330633722e-16,-1.231653667943533e-16,-5.273559366969494e-16,1.0495077029659683e-15,1.682681771697503e-16,-1.1934897514720433e-15,-7.177418381854039e-17,-1.1449174941446927e-16,-7.945033519973776e-16,1.4988010832439613e-15,-1.4502288259166107e-15,-3.6017196169968457e-16,-2.463307335887066e-16,-4.163336342344337e-17,-3.4139358007223564e-15,-9.71445146547012e-16,-2.6020852139652106e-16,2.1371793224034263e-15,-1.7069679003611782e-15,1.5040052536718918e-15,-7.355227538141662e-16,-1.582067810090848e-15,4.889751797909625e-16,-3.885780586188048e-16,1.0,1.8041124150158794e-16,-2.7903027111086942e-15,2.0747292772682613e-15,7.91033905045424e-16,1.366962099069724e-15,2.5326962749261384e-16,-4.288236432614667e-15,-1.2212453270876722e-15,1.5439038936193583e-15,4.9404924595819466e-15
1.748492843567373e-15,4.562322741819003e-16,4.0267268686111635e-16,-7.22674958070213e-16,3.5735303605122226e-16,-3.5006719745211967e-15,1.7512033489985868e-15,-1.5543122344752192e-15,-1.403391292065237e-15,2.813721478034381e-15,1.0737938316296436e-15,4.839878497975292e-16,-4.274358644806853e-15,2.0578157233774874e-15,5.0306980803327406e-17,-1.2836953722228372e-15,3.222248856626919e-15,-1.1726730697603216e-15,-2.2213134109883015e-15,1.8708992688409865e-15,4.40619762898109e-16,1.304512053934559e-15,-2.6818824938601438e-15,1.5289961137476826e-15,-1.2524703496552547e-15,-4.996003610813204e-16,6.938893903907228e-17,9.506284648352903e-16,-1.0408340855860843e-15,4.371503159461554e-16,-2.789435349370706e-15,7.28583859910259e-16,1.5959455978986625e-16,-2.7755575615628914e-17,1.205632815803881e-16,2.2343238370581275e-15,-3.913536161803677e-15,3.6290415117434804e-15,0.9999999999999976,-5.88418203051333e-15,1.0630385460785874e-14,-5.252742685257772e-15,3.040970253387343e-15,-6.973588373426765e-16,-2.5049406993105094e-15,-2.4043267377038546e-15,1.63202784619898e-14,-1.4876988529977098e-14
6.067195357228883e-16,-1.4393054890288193e-15,1.7292482550057553e-15,-1.6644671751997464e-15,2.041769531224702e-15,-1.7399276464047375e-15,2.0122792321330962e-16,6.826136877968736e-16,7.147060721024445e-16,-4.926614671774132e-16,7.7021722333370235e-16,-1.6514567491299204e-15,7.040808908120866e-16,-7.355227538141662e-16,5.169475958410885e-16,-5.143455106271233e-16,5.551115123125783e-16,3.0314292742694704e-16,-2.089474426814064e-15,2.0539125955565396e-15,-2.185751579730777e-16,-7.771561172376096e-16,4.449023614794267e-16,-1.2108369862318114e-15,1.5092094240998222e-16,-8.881784197001252e-16,6.730727086790012e-16,1.762479051592436e-15,-1.429412144204889e-15,-1.3808398868775384e-15,-1.0061396160665481e-15,-4.718447854656915e-16,1.817990202823694e-15,-5.464378949326942e-16,-3.0322966360074588e-15,1.897787482718627e-15,-4.440892098500626e-16,-5.898059818321144e-17,1.3808398868775384e-15,0.999999999999998,2.525757381022231e-15,-1.8561541192951836e-15,3.929148673087468e-15,-2.7547408798511697e-15,3.238728729648699e-15,-4.274358644806853e-15,1.8762769116165146e-14,-2.6680047060523293e-14
1.7854641376491287e-15,-1.8303501075900286e-15,-6.158268339717665e-17,1.5768636396629176e-15,-1.3192572034803618e-15,1.2524703496552547e-15,-1.8735013540549517e-16,-1.1379786002407855e-15,1.2177758801357186e-15,4.510281037539698e-16,-1.4519635493925875e-15,-1.2462903972720873e-16,1.4675760606763788e-15,-1.0677222994637248e-15,1.3010426069826053e-17,-7.37257477290143e-16,1.1118493278838848e-15,-7.190428807923865e-16,1.8839096949108125e-15,-9.853229343548264e-16,-1.8318679906315083e-15,-5.117434254131581e-17,-8.066464163292153e-16,5.204170427930421e-16,1.1796119636642288e-15,3.0531133177191805e-16,-1.3912482277333993e-15,-2.7269853042355408e-15,2.6229018956769323e-15,-1.4641066137244252e-15,3.497202527569243e-15,-4.260480856999038e-15,-1.2049822945003896e-15,1.4779844015322396e-15,-8.326672684688674e-17,0.0,-2.2195786875123247e-15,1.6583956430338276e-15,-4.996003610813204e-16,-3.469446951953614e-16,0.9999999999999949,6.390721285498557e-15,-1.817990202823694e-15,5.85122228446977e-15,-3.982925100842749e-15,-2.4980018054066022e-15,-7.507883204027621e-15,1.700029006457271e-14
7.693498615957139e-16,-2.7929047963226594e-16,-1.2091022627558345e-15,1.4536982728685643e-15,-7.632783294297951e-16,1.6900543464704043e-15,-3.7730235602495554e-15,2.159730727591125e-15,-1.1882855810441129e-15,-1.016547956922409e-15,-3.929148673087468e-16,-2.0452389781766556e-15,2.2551405187698492e-17,2.505808061048498e-15,1.4085954624931674e-15,-3.641184576075318e-15,2.8787736083835114e-15,-1.0026701691145945e-15,-1.6375789613221059e-15,-5.447031714567174e-16,1.1698541441118593e-15,2.5916768731093498e-15,-3.526692826660849e-15,1.096345236817342e-15,-1.384309333829492e-15,2.1423834928313568e-15,-1.3149203947904198e-15,3.1433189384699745e-15,-3.514549762329011e-15,6.38378239159465e-16,-1.4363510381087963e-15,4.3151246464923076e-17,-9.43689570931383e-16,-3.8163916471489756e-17,-4.128641872824801e-16,-2.869232629265639e-15,3.771288836773579e-15,-7.632783294297951e-16,-1.0894063429134349e-15,-1.5742615544489524e-15,2.400857290751901e-15,0.9999999999999993,-2.282896094385478e-15,4.093947403305265e-15,-2.8033131371785203e-15,7.771561172376096e-16,3.5318969970887792e-15,-3.1363800445660672e-15
2.6575963651964685e-15,-3.943893822633271e-15,1.0158974356189177e-15,3.452099717193846e-16,6.743737512859838e-16,-1.4710455076283324e-15,-7.355227538141662e-16,4.2500725161431774e-16,1.2559397966072083e-15,-7.997075224253081e-16,-2.909998630951094e-16,2.909998630951094e-16,-2.342527213872181e-15,2.981122293466143e-15,-2.1649348980190553e-15,-5.34565881143978e-16,7.355227538141662e-16,2.0122792321330962e-16,-3.0149494012476907e-15,1.354168513434395e-16,4.163336342344337e-16,6.7914424084492e-16,1.9081958235744878e-16,-1.0408340855860843e-17,-2.402592014227878e-15,7.875644580934704e-16,-1.4849232954361469e-15,1.052977149917922e-15,-2.5205532105943007e-15,3.2612801348363973e-16,4.3660821485991264e-16,-2.7755575615628914e-16,1.4727802311043092e-15,-2.4945323584546486e-15,-9.380517196344584e-16,3.039235529911366e-15,-9.992007221626409e-16,-1.2698175844150228e-15,3.3172249669366494e-15,1.6826817716975029e-15,-2.9837243786801082e-15,-1.968911145233676e-15,1.0000000000000036,-5.551115123125783e-17,2.7755575615628914e-16,3.0322966360074588e-15,-1.695171780724536e-14,1.7819079545233762e-14
1.869272965582258e-15,-2.4101814294352764e-15,-4.0505793164058446e-16,1.0364972768961422e-15,1.97758476261356e-16,1.8908485888147197e-16,-4.501607420159814e-16,3.660266534311063e-16,-1.0013691265076119e-15,6.774095173689432e-16,-2.740863092043355e-16,1.8041124150158794e-16,8.673617379884035e-18,9.196202827022049e-16,-2.5326962749261384e-16,-3.805983306293115e-15,3.283831540024096e-15,-1.0096090630185017e-15,-7.227291681788373e-16,3.920475055707584e-16,-1.5126788710517758e-15,6.487865800153259e-16,5.759281940243e-16,-3.1624008967057193e-15,1.4328815911568427e-15,2.5326962749261384e-16,-1.0408340855860843e-17,-1.6046192152785466e-15,6.661338147750939e-16,-5.108760636751697e-16,2.4771851236948805e-15,6.869504964868156e-16,5.551115123125783e-17,-1.8240617349896127e-15,-1.6167622796103842e-15,3.3792413312028202e-15,-3.677613769070831e-16,1.0410509260205814e-15,-5.793976409762536e-16,-3.0375008064353892e-15,1.99926880606327e-15,-1.3183898417423734e-15,-5.551115123125783e-17,1.0000000000000036,-3.5318969970887792e-15,-2.4841240175987878e-15,-4.08006961549745e-15,1.2795320358804929e-14
2.641550173043683e-15,-4.241398898763293e-15,2.224782857940255e-15,-4.3107878378023656e-16,1.8587562045091488e-15,8.94249951866044e-16,5.767955557622884e-16,-2.9217080144139373e-15,1.9081958235744878e-17,-1.1470858984896637e-15,2.4994112682308334e-15,-1.7182436029550274e-15,-2.7706786517867066e-16,1.1943571132100317e-15,1.0009354456386177e-15,-5.537237335317968e-15,2.725250580759564e-15,-3.5136281904823985e-16,5.377642775528102e-17,4.36282954208167e-16,-2.7026991755718655e-15,-1.0234868508263162e-15,1.0668549377257364e-15,-2.723515857283587e-15,-8.673617379884035e-16,1.1188966420050406e-16,1.3426759704060487e-15,-1.2836953722228372e-15,1.0698907038086958e-15,-1.7486012637846216e-15,1.214306433183765e-16,2.942091015256665e-15,-1.855286757557195e-15,6.366435156834882e-16,3.191891195797325e-15,-1.6254358969902682e-15,1.3769367590565906e-16,6.418476861114186e-16,-2.6142282782970483e-15,-8.456776945386935e-16,3.011479954295737e-15,-9.992007221626409e-16,-4.718447854656915e-16,-3.892719480091955e-15,1.000000000000001,4.218847493575595e-15,-4.996003610813204e-16,1.6341095143701523e-15
1.6164370189586386e-15,3.789286592836838e-16,-1.8682971836270212e-15,1.474514954580286e-16,4.865899350114944e-16,1.1258355359089478e-15,-1.5222198501696482e-16,9.471590178833367e-16,-8.560860353945543e-16,-1.2411946470614055e-15,9.619041674291395e-16,-2.5825695748604716e-15,-5.791808005417565e-16,2.680147770384167e-15,3.209238430557093e-17,-4.414871246360974e-15,3.3475826277662435e-15,-5.316927453868914e-16,6.678685382510707e-17,7.979727989493313e-16,-2.0469737016526324e-16,4.649058915617843e-16,-2.123301534595612e-15,1.141448047192739e-15,-1.893450674028685e-15,8.847089727481716e-17,-2.525757381022231e-15,2.8705336718726215e-15,-1.5785983631388945e-15,3.139849491518021e-15,-1.1483869410966463e-15,7.75855074630627e-16,-1.2004286453759505e-15,1.4224732503009818e-15,-3.0721952759549254e-15,4.348951754273855e-15,-3.838943052336674e-15,-1.2472661792273243e-15,2.4620062932800835e-15,-1.0408340855860843e-15,-4.163336342344337e-16,2.7131075164277263e-15,-1.2628786905111156e-15,-3.122502256758253e-16,7.216449660063518e-16,1.0000000000000004,1.0769163338864018e-14,-1.2156942119645464e-14
1.7911019889460533e-15,-1.844011054963346e-15,2.3583565655904692e-15,9.311128257305512e-16,3.0531133177191805e-16,-2.7742565189559087e-15,2.6411164921746888e-15,1.857021481033172e-15,-2.1918231118966958e-15,-9.662409761190816e-16,5.88938620094126e-16,-1.0675054590292277e-15,5.542441505745899e-16,2.562186574017744e-15,-1.474514954580286e-15,-5.843849709696869e-15,6.118369699770199e-15,-8.708311849403572e-16,-2.931682674400804e-15,4.3368086899420177e-16,1.97758476261356e-16,-1.9394208461420703e-15,3.5561831257524545e-15,-2.5569824035898137e-15,-9.740472317609772e-16,1.949829186997931e-15,-4.533591384248137e-16,1.6445178552260131e-15,5.603156827405087e-16,-1.0234868508263162e-15,1.2260158166466084e-15,-4.49293380277993e-16,7.771561172376096e-16,-1.9637069748057456e-15,-2.3028454143592114e-16,1.0581813203458523e-15,-3.4052621833424723e-15,-2.9134680779030475e-15,4.232725281383409e-15,-2.0816681711721685e-16,2.0261570199409107e-15,-3.9065972678997696e-15,1.519617764955683e-15,-2.192690473634684e-15,3.316791286067655e-15,4.496403249731884e-15,1.000000000000008,-1.749989042565403e-14
1.0399667238480959e-15,-2.209170346656464e-15,3.135946363697073e-15,1.0039712117215771e-15,5.28656979303932e-16,-4.782198942399063e-15,4.728856195512776e-15,-4.6846207468753676e-15,3.86843335142828e-16,7.190428807923865e-16,-1.7340729546733158e-15,3.62383734131555e-15,-1.4857906571741353e-15,3.991598718222633e-15,-2.40692882291782e-15,-4.781765261530069e-15,2.5973147244062744e-15,6.487865800153259e-16,-1.1136924715771102e-15,4.150325916274511e-15,-3.571795637036246e-15,-1.2611439670351388e-15,2.6038199374411874e-15,-4.744468706796567e-16,-2.2967738821932926e-15,6.088879400678593e-16,2.8033131371785203e-15,5.082739784612045e-16,-1.5421691701433815e-15,1.3209919269563386e-15,2.3765711620882257e-16,1.1449174941446927e-15,-2.1111584702637742e-15,1.1288713019919072e-15,-2.383510055992133e-15,3.2075037070811163e-15,8.68229099726392e-16,-3.2127078775090467e-15,6.106226635438361e-16,-2.0886070650760757e-15,1.1761425167122752e-15,-4.440892098500626e-16,-5.412337245047638e-16,2.3522850334245504e-15,1.9290125052862095e-15,8.881784197001252e-16,1.7416623698807143e-15,0.9999999999999887
0.012175867754796094,-0.03149552616777924,0.02314781309837604,-0.00018021496267167615,0.01328718693609501,0.00031909545178067616,-0.001024553956105032,0.006980298219277771,-0.010928257149921829,-0.0013959044268954518,0.01590654776250926,-0.0018458684057291765,-0.01924782249417278,0.02526856849926381,-0.024608450334176024,0.022706386829621603,-0.012939889671535334,0.0012842763870917293,-0.009465881994150549,-0.0013328486796334669,0.003848086550177502,-0.001972477218736393,-0.0020432426036532253,-0.005391436136830952,-0.004007975973540042,0.0011811474854764824,-0.008524964828753354,0.008222528870330943,0.004145426378007394,0.0037553693193571845,-0.015011533660865363,0.0007874951937696523,0.005791282135093829,-0.003595428066921174,-0.0004829815568379494,0.013034240463129461,-0.012007070608272857,-5.3741205202767484e-05,-0.007926067745141784,0.022280784380715984,0.01660648033372459,0.016707654589338913,0.012186658143358363,0.012010681735723158,-0.009082776356694841,0.04052041715797198,0.007456905796425162,0.6139510849783727
